CREATE DATABASE  IF NOT EXISTS `foodhub` /*!40100 DEFAULT CHARACTER SET utf8mb4 COLLATE utf8mb4_0900_ai_ci */ /*!80016 DEFAULT ENCRYPTION='N' */;
USE `foodhub`;
-- MySQL dump 10.13  Distrib 8.0.21, for Win64 (x86_64)
--
-- Host: database-foa.cdsw7w0viwhj.ap-south-1.rds.amazonaws.com    Database: foodhub
-- ------------------------------------------------------
-- Server version	8.0.35

/*!40101 SET @OLD_CHARACTER_SET_CLIENT=@@CHARACTER_SET_CLIENT */;
/*!40101 SET @OLD_CHARACTER_SET_RESULTS=@@CHARACTER_SET_RESULTS */;
/*!40101 SET @OLD_COLLATION_CONNECTION=@@COLLATION_CONNECTION */;
/*!50503 SET NAMES utf8 */;
/*!40103 SET @OLD_TIME_ZONE=@@TIME_ZONE */;
/*!40103 SET TIME_ZONE='+00:00' */;
/*!40014 SET @OLD_UNIQUE_CHECKS=@@UNIQUE_CHECKS, UNIQUE_CHECKS=0 */;
/*!40014 SET @OLD_FOREIGN_KEY_CHECKS=@@FOREIGN_KEY_CHECKS, FOREIGN_KEY_CHECKS=0 */;
/*!40101 SET @OLD_SQL_MODE=@@SQL_MODE, SQL_MODE='NO_AUTO_VALUE_ON_ZERO' */;
/*!40111 SET @OLD_SQL_NOTES=@@SQL_NOTES, SQL_NOTES=0 */;
SET @MYSQLDUMP_TEMP_LOG_BIN = @@SESSION.SQL_LOG_BIN;
SET @@SESSION.SQL_LOG_BIN= 0;

--
-- GTID state at the beginning of the backup 
--

SET @@GLOBAL.GTID_PURGED=/*!80000 '+'*/ '';

--
-- Table structure for table `tbl_cart`
--

DROP TABLE IF EXISTS `tbl_cart`;
/*!40101 SET @saved_cs_client     = @@character_set_client */;
/*!50503 SET character_set_client = utf8mb4 */;
CREATE TABLE `tbl_cart` (
  `id` int NOT NULL AUTO_INCREMENT,
  `user_id` int DEFAULT NULL,
  `res_id` int DEFAULT NULL,
  `item_id` int DEFAULT NULL,
  `qty` smallint DEFAULT NULL,
  `created_date` int DEFAULT NULL,
  PRIMARY KEY (`id`),
  KEY `prime_ids_idx` (`user_id`,`res_id`,`item_id`)
) ENGINE=InnoDB AUTO_INCREMENT=113 DEFAULT CHARSET=utf8mb4 COLLATE=utf8mb4_0900_ai_ci;
/*!40101 SET character_set_client = @saved_cs_client */;

--
-- Dumping data for table `tbl_cart`
--

LOCK TABLES `tbl_cart` WRITE;
/*!40000 ALTER TABLE `tbl_cart` DISABLE KEYS */;
INSERT INTO `tbl_cart` VALUES (112,83,1,3,1,1714073697);
/*!40000 ALTER TABLE `tbl_cart` ENABLE KEYS */;
UNLOCK TABLES;

--
-- Table structure for table `tbl_category`
--

DROP TABLE IF EXISTS `tbl_category`;
/*!40101 SET @saved_cs_client     = @@character_set_client */;
/*!50503 SET character_set_client = utf8mb4 */;
CREATE TABLE `tbl_category` (
  `id` int NOT NULL AUTO_INCREMENT,
  `name` varchar(50) DEFAULT NULL,
  `status` enum('ACTIVE','DELETED') DEFAULT 'ACTIVE',
  PRIMARY KEY (`id`)
) ENGINE=InnoDB AUTO_INCREMENT=9 DEFAULT CHARSET=utf8mb4 COLLATE=utf8mb4_0900_ai_ci;
/*!40101 SET character_set_client = @saved_cs_client */;

--
-- Dumping data for table `tbl_category`
--

LOCK TABLES `tbl_category` WRITE;
/*!40000 ALTER TABLE `tbl_category` DISABLE KEYS */;
INSERT INTO `tbl_category` VALUES (1,'Starters','ACTIVE'),(2,'Main Course','ACTIVE'),(3,'Side Dishes','ACTIVE'),(4,'Salads','ACTIVE'),(5,'Soups','ACTIVE'),(6,'Sandwiches and Wraps','ACTIVE'),(7,'Desserts','ACTIVE'),(8,'Beverages','ACTIVE');
/*!40000 ALTER TABLE `tbl_category` ENABLE KEYS */;
UNLOCK TABLES;

--
-- Table structure for table `tbl_items`
--

DROP TABLE IF EXISTS `tbl_items`;
/*!40101 SET @saved_cs_client     = @@character_set_client */;
/*!50503 SET character_set_client = utf8mb4 */;
CREATE TABLE `tbl_items` (
  `id` int NOT NULL AUTO_INCREMENT,
  `res_id` int NOT NULL,
  `name` varchar(100) DEFAULT NULL,
  `category` tinyint DEFAULT NULL,
  `status` enum('ACTIVE','DELETED') DEFAULT 'ACTIVE',
  `price` decimal(6,2) DEFAULT NULL,
  `is_available` tinyint(1) DEFAULT '1',
  `created_date` int DEFAULT NULL,
  PRIMARY KEY (`id`),
  KEY `res_id_idx` (`res_id`) /*!80000 INVISIBLE */,
  FULLTEXT KEY `item_name_idx` (`name`)
) ENGINE=InnoDB AUTO_INCREMENT=42 DEFAULT CHARSET=utf8mb4 COLLATE=utf8mb4_0900_ai_ci;
/*!40101 SET character_set_client = @saved_cs_client */;

--
-- Dumping data for table `tbl_items`
--

LOCK TABLES `tbl_items` WRITE;
/*!40000 ALTER TABLE `tbl_items` DISABLE KEYS */;
INSERT INTO `tbl_items` VALUES (1,1,'5 Leg Pc & 2 Dips Bucket',1,'ACTIVE',519.00,1,1713898284),(3,1,'Peri Peri 10 Pc Chicken Strips & 2 Dips',1,'ACTIVE',499.00,1,1713898519),(4,1,'Peri Peri 10 Leg Pc & 4 Dips',1,'ACTIVE',948.00,1,1713898544),(5,1,'Peri Peri 6pc Chicken Strips',1,'ACTIVE',299.00,1,1713898561),(6,1,'Single Chicken Roll',2,'ACTIVE',119.00,1,1713898588),(7,1,'Chicken Longer Burger & 2 Strips Combo',2,'ACTIVE',219.00,1,1713898601),(8,1,'Regular Popcorn',2,'ACTIVE',115.00,1,1713898617),(9,1,'2 Veg Longer Burger',2,'ACTIVE',198.00,1,1713898631),(10,1,'2Classic Chicken Roll & Pepsi Combo',3,'ACTIVE',176.00,1,1713898661),(11,1,'Double Chicken Roll & Pepsi Combo',3,'ACTIVE',225.00,1,1713898678),(12,1,'Classic Chicken Roll Meal for 1',3,'ACTIVE',339.05,1,1713898696),(15,1,'RandomItem -1714032147854',1,'ACTIVE',519.00,1,1714032147),(16,1,'RandomItem -1714032147954',1,'ACTIVE',519.00,1,1714032147),(17,1,'RandomItem -1714032211672',1,'ACTIVE',519.00,1,1714032211),(19,1,'RandomItem -1714032274162',1,'ACTIVE',519.00,1,1714032274),(20,1,'RandomItem -1714032274264',1,'ACTIVE',519.00,1,1714032274),(21,1,'RandomItem -1714032434644',1,'ACTIVE',519.00,1,1714032434),(23,1,'RandomItem -1714032444597',1,'ACTIVE',519.00,1,1714032444),(25,1,'RandomItem -1714032529465',1,'ACTIVE',519.00,1,1714032529),(27,1,'RandomItem -1714032552903',1,'ACTIVE',519.00,1,1714032552),(29,1,'RandomItem -1714032598354',1,'ACTIVE',519.00,1,1714032598),(31,1,'RandomItem -1714032644295',1,'ACTIVE',519.00,1,1714032644),(33,1,'RandomItem -1714032695655',1,'ACTIVE',519.00,1,1714032695),(35,1,'RandomItem -1714032768717',1,'ACTIVE',519.00,1,1714032768),(37,1,'RandomItem -1714032832071',1,'ACTIVE',519.00,1,1714032832),(39,1,'RandomItem -1714032838955',1,'ACTIVE',519.00,1,1714032838),(41,1,'Classic Chicken Burger',6,'ACTIVE',119.00,1,1714072727);
/*!40000 ALTER TABLE `tbl_items` ENABLE KEYS */;
UNLOCK TABLES;

--
-- Table structure for table `tbl_order`
--

DROP TABLE IF EXISTS `tbl_order`;
/*!40101 SET @saved_cs_client     = @@character_set_client */;
/*!50503 SET character_set_client = utf8mb4 */;
CREATE TABLE `tbl_order` (
  `id` int NOT NULL AUTO_INCREMENT,
  `user_id` int DEFAULT NULL,
  `res_id` int DEFAULT NULL,
  `subtotal` decimal(12,2) DEFAULT NULL,
  `tax_amount` decimal(12,2) DEFAULT NULL,
  `total` decimal(12,2) DEFAULT NULL,
  `status` enum('COMPLETED','ACCEPTED','PREPARING') DEFAULT 'ACCEPTED',
  `created_date` int DEFAULT NULL,
  PRIMARY KEY (`id`),
  KEY `order_prim_ids_idx` (`user_id`,`res_id`)
) ENGINE=InnoDB AUTO_INCREMENT=71 DEFAULT CHARSET=utf8mb4 COLLATE=utf8mb4_0900_ai_ci;
/*!40101 SET character_set_client = @saved_cs_client */;

--
-- Dumping data for table `tbl_order`
--

LOCK TABLES `tbl_order` WRITE;
/*!40000 ALTER TABLE `tbl_order` DISABLE KEYS */;
INSERT INTO `tbl_order` VALUES (1,7,1,519.00,0.00,519.00,'COMPLETED',1713901471),(2,7,1,519.00,0.00,519.00,'ACCEPTED',1713901667),(3,7,1,519.00,0.00,519.00,'ACCEPTED',1713901930),(4,7,1,519.00,0.00,519.00,'ACCEPTED',1713901961),(5,7,1,519.00,0.00,519.00,'PREPARING',1713901987),(6,44,1,1038.00,0.00,1038.00,'ACCEPTED',1713964378),(7,44,1,1038.00,0.00,1038.00,'ACCEPTED',1713964453),(8,44,1,1038.00,0.00,1038.00,'ACCEPTED',1713964517),(9,44,1,1038.00,0.00,1038.00,'ACCEPTED',1713964587),(10,44,1,1038.00,0.00,1038.00,'ACCEPTED',1713965240),(11,44,1,1038.00,0.00,1038.00,'ACCEPTED',1714024024),(12,44,1,1038.00,0.00,1038.00,'ACCEPTED',1714024140),(13,44,1,1038.00,0.00,1038.00,'ACCEPTED',1714024239),(14,44,1,1038.00,0.00,1038.00,'ACCEPTED',1714024251),(15,44,1,1038.00,0.00,1038.00,'ACCEPTED',1714024274),(16,44,1,1038.00,0.00,1038.00,'ACCEPTED',1714024316),(17,44,1,1038.00,0.00,1038.00,'ACCEPTED',1714024676),(18,44,1,1038.00,0.00,1038.00,'ACCEPTED',1714024764),(19,44,1,1038.00,0.00,1038.00,'ACCEPTED',1714029736),(20,44,1,1038.00,0.00,1038.00,'ACCEPTED',1714030076),(21,44,1,1038.00,0.00,1038.00,'ACCEPTED',1714030122),(22,44,1,1038.00,0.00,1038.00,'ACCEPTED',1714030156),(23,44,1,1038.00,0.00,1038.00,'ACCEPTED',1714030185),(24,44,1,1038.00,0.00,1038.00,'ACCEPTED',1714030197),(25,44,1,1038.00,0.00,1038.00,'ACCEPTED',1714030267),(26,44,1,1038.00,0.00,1038.00,'ACCEPTED',1714030327),(27,44,1,1038.00,0.00,1038.00,'PREPARING',1714030377),(28,44,1,1038.00,0.00,1038.00,'ACCEPTED',1714030420),(29,44,1,1038.00,0.00,1038.00,'PREPARING',1714030421),(30,44,1,1038.00,0.00,1038.00,'ACCEPTED',1714030534),(31,44,1,1038.00,0.00,1038.00,'PREPARING',1714030535),(32,44,1,1038.00,0.00,1038.00,'ACCEPTED',1714030669),(33,44,1,1038.00,0.00,1038.00,'PREPARING',1714030670),(34,44,1,1038.00,0.00,1038.00,'PREPARING',1714030782),(35,44,1,1038.00,0.00,1038.00,'PREPARING',1714030860),(36,44,1,1038.00,0.00,1038.00,'ACCEPTED',1714030902),(37,44,1,1038.00,0.00,1038.00,'ACCEPTED',1714030950),(38,44,1,1038.00,0.00,1038.00,'PREPARING',1714031008),(39,44,1,1038.00,0.00,1038.00,'PREPARING',1714031022),(40,44,1,1038.00,0.00,1038.00,'ACCEPTED',1714031024),(41,44,1,1038.00,0.00,1038.00,'PREPARING',1714031257),(42,44,1,1038.00,0.00,1038.00,'PREPARING',1714031618),(43,44,1,1038.00,0.00,1038.00,'PREPARING',1714031672),(44,44,1,1038.00,0.00,1038.00,'PREPARING',1714031693),(45,44,1,1038.00,0.00,1038.00,'PREPARING',1714031763),(46,44,1,1038.00,0.00,1038.00,'PREPARING',1714031796),(47,44,1,1038.00,0.00,1038.00,'PREPARING',1714031808),(48,44,1,1038.00,0.00,1038.00,'PREPARING',1714031826),(49,44,1,1038.00,0.00,1038.00,'PREPARING',1714032002),(50,44,1,1038.00,0.00,1038.00,'PREPARING',1714032147),(51,44,1,1038.00,0.00,1038.00,'PREPARING',1714032211),(52,44,1,1038.00,0.00,1038.00,'PREPARING',1714032273),(53,44,1,1038.00,0.00,1038.00,'PREPARING',1714032434),(54,44,1,1038.00,0.00,1038.00,'PREPARING',1714032444),(55,44,1,1038.00,0.00,1038.00,'ACCEPTED',1714032446),(56,44,1,1038.00,0.00,1038.00,'PREPARING',1714032529),(57,44,1,1038.00,0.00,1038.00,'ACCEPTED',1714032530),(58,44,1,1038.00,0.00,1038.00,'PREPARING',1714032552),(59,44,1,1038.00,0.00,1038.00,'ACCEPTED',1714032554),(60,44,1,1038.00,0.00,1038.00,'PREPARING',1714032598),(61,44,1,1038.00,0.00,1038.00,'ACCEPTED',1714032599),(62,44,1,1038.00,0.00,1038.00,'PREPARING',1714032643),(63,44,1,1038.00,0.00,1038.00,'ACCEPTED',1714032646),(64,44,1,1038.00,0.00,1038.00,'PREPARING',1714032695),(65,44,1,1038.00,0.00,1038.00,'ACCEPTED',1714032696),(66,44,1,1038.00,0.00,1038.00,'PREPARING',1714032768),(67,44,1,1038.00,0.00,1038.00,'PREPARING',1714032831),(68,44,1,1038.00,0.00,1038.00,'PREPARING',1714032838),(69,44,1,1038.00,0.00,1038.00,'ACCEPTED',1714032840),(70,83,1,519.00,0.00,519.00,'PREPARING',1714070965);
/*!40000 ALTER TABLE `tbl_order` ENABLE KEYS */;
UNLOCK TABLES;

--
-- Table structure for table `tbl_order_items`
--

DROP TABLE IF EXISTS `tbl_order_items`;
/*!40101 SET @saved_cs_client     = @@character_set_client */;
/*!50503 SET character_set_client = utf8mb4 */;
CREATE TABLE `tbl_order_items` (
  `id` int NOT NULL AUTO_INCREMENT,
  `order_id` int DEFAULT NULL,
  `item_id` int DEFAULT NULL,
  `qty` smallint unsigned DEFAULT NULL,
  `price` decimal(12,2) DEFAULT NULL,
  `name` varchar(100) DEFAULT NULL,
  PRIMARY KEY (`id`)
) ENGINE=InnoDB AUTO_INCREMENT=71 DEFAULT CHARSET=utf8mb4 COLLATE=utf8mb4_0900_ai_ci;
/*!40101 SET character_set_client = @saved_cs_client */;

--
-- Dumping data for table `tbl_order_items`
--

LOCK TABLES `tbl_order_items` WRITE;
/*!40000 ALTER TABLE `tbl_order_items` DISABLE KEYS */;
INSERT INTO `tbl_order_items` VALUES (2,2,1,1,519.00,NULL),(3,3,1,1,519.00,NULL),(4,4,1,1,519.00,NULL),(5,5,1,1,519.00,NULL),(6,6,1,2,519.00,NULL),(7,7,1,2,519.00,NULL),(8,8,1,2,519.00,NULL),(9,9,1,2,519.00,NULL),(10,10,1,2,519.00,NULL),(11,11,1,2,519.00,NULL),(12,12,1,2,519.00,NULL),(13,13,1,2,519.00,NULL),(14,14,1,2,519.00,NULL),(15,15,1,2,519.00,NULL),(16,16,1,2,519.00,NULL),(17,17,1,2,519.00,NULL),(18,18,1,2,519.00,NULL),(19,19,1,2,519.00,NULL),(20,20,1,2,519.00,NULL),(21,21,1,2,519.00,NULL),(22,22,1,2,519.00,NULL),(23,23,1,2,519.00,NULL),(24,24,1,2,519.00,NULL),(25,25,1,2,519.00,NULL),(26,26,1,2,519.00,NULL),(27,27,1,2,519.00,NULL),(28,28,1,2,519.00,NULL),(29,29,1,2,519.00,NULL),(30,30,1,2,519.00,NULL),(31,31,1,2,519.00,NULL),(32,32,1,2,519.00,NULL),(33,33,1,2,519.00,NULL),(34,34,1,2,519.00,NULL),(35,35,1,2,519.00,NULL),(36,36,1,2,519.00,NULL),(37,37,1,2,519.00,NULL),(38,38,1,2,519.00,NULL),(39,39,1,2,519.00,NULL),(40,40,1,2,519.00,NULL),(41,41,1,2,519.00,NULL),(42,42,1,2,519.00,NULL),(43,43,1,2,519.00,NULL),(44,44,1,2,519.00,NULL),(45,45,1,2,519.00,NULL),(46,46,1,2,519.00,NULL),(47,47,1,2,519.00,NULL),(48,48,1,2,519.00,NULL),(49,49,1,2,519.00,NULL),(50,50,1,2,519.00,NULL),(51,51,1,2,519.00,NULL),(52,52,1,2,519.00,NULL),(53,53,1,2,519.00,NULL),(54,54,1,2,519.00,NULL),(55,55,1,2,519.00,NULL),(56,56,1,2,519.00,NULL),(57,57,1,2,519.00,NULL),(58,58,1,2,519.00,NULL),(59,59,1,2,519.00,NULL),(60,60,1,2,519.00,NULL),(61,61,1,2,519.00,NULL),(62,62,1,2,519.00,NULL),(63,63,1,2,519.00,NULL),(64,64,1,2,519.00,NULL),(65,65,1,2,519.00,NULL),(66,66,1,2,519.00,NULL),(67,67,1,2,519.00,NULL),(68,68,1,2,519.00,NULL),(69,69,1,2,519.00,NULL),(70,70,1,1,519.00,'5 Leg Pc & 2 Dips Bucket');
/*!40000 ALTER TABLE `tbl_order_items` ENABLE KEYS */;
UNLOCK TABLES;

--
-- Table structure for table `tbl_order_tax`
--

DROP TABLE IF EXISTS `tbl_order_tax`;
/*!40101 SET @saved_cs_client     = @@character_set_client */;
/*!50503 SET character_set_client = utf8mb4 */;
CREATE TABLE `tbl_order_tax` (
  `id` int NOT NULL AUTO_INCREMENT,
  `order_id` int DEFAULT NULL,
  `name` varchar(50) DEFAULT NULL,
  `percentage` decimal(4,2) DEFAULT NULL,
  `subtotal` decimal(12,2) DEFAULT NULL,
  `tax_amount` decimal(12,2) DEFAULT NULL,
  PRIMARY KEY (`id`),
  KEY `order_tax_ids_idx` (`order_id`)
) ENGINE=InnoDB DEFAULT CHARSET=utf8mb4 COLLATE=utf8mb4_0900_ai_ci;
/*!40101 SET character_set_client = @saved_cs_client */;

--
-- Dumping data for table `tbl_order_tax`
--

LOCK TABLES `tbl_order_tax` WRITE;
/*!40000 ALTER TABLE `tbl_order_tax` DISABLE KEYS */;
/*!40000 ALTER TABLE `tbl_order_tax` ENABLE KEYS */;
UNLOCK TABLES;

--
-- Table structure for table `tbl_restaurant`
--

DROP TABLE IF EXISTS `tbl_restaurant`;
/*!40101 SET @saved_cs_client     = @@character_set_client */;
/*!50503 SET character_set_client = utf8mb4 */;
CREATE TABLE `tbl_restaurant` (
  `id` int NOT NULL AUTO_INCREMENT,
  `name` varchar(200) DEFAULT NULL,
  `emailid` varchar(100) NOT NULL,
  `mobileno` varchar(20) DEFAULT NULL,
  `address` varchar(255) DEFAULT NULL,
  `country` varchar(50) DEFAULT NULL,
  `currency` char(3) DEFAULT NULL,
  `tax_id` int DEFAULT NULL,
  `created_date` int DEFAULT NULL,
  PRIMARY KEY (`id`),
  UNIQUE KEY `emailid_UNIQUE` (`emailid`)
) ENGINE=InnoDB AUTO_INCREMENT=2 DEFAULT CHARSET=utf8mb4 COLLATE=utf8mb4_0900_ai_ci;
/*!40101 SET character_set_client = @saved_cs_client */;

--
-- Dumping data for table `tbl_restaurant`
--

LOCK TABLES `tbl_restaurant` WRITE;
/*!40000 ALTER TABLE `tbl_restaurant` DISABLE KEYS */;
INSERT INTO `tbl_restaurant` VALUES (1,'Happy Dine','happydine@gmail.com','9012345678','3rd Floor, Express Avenue, No 49/50L, Whites Rd, opposite to Pizza Hut, Express Estate, Royapettah, Chennai, Tamil Nadu 600014','IN','INR',NULL,1713897768);
/*!40000 ALTER TABLE `tbl_restaurant` ENABLE KEYS */;
UNLOCK TABLES;

--
-- Table structure for table `tbl_session`
--

DROP TABLE IF EXISTS `tbl_session`;
/*!40101 SET @saved_cs_client     = @@character_set_client */;
/*!50503 SET character_set_client = utf8mb4 */;
CREATE TABLE `tbl_session` (
  `id` int NOT NULL AUTO_INCREMENT,
  `user_id` int DEFAULT NULL,
  `token` mediumtext,
  `expires` bigint unsigned DEFAULT NULL,
  PRIMARY KEY (`id`)
) ENGINE=InnoDB AUTO_INCREMENT=209 DEFAULT CHARSET=utf8mb4 COLLATE=utf8mb4_0900_ai_ci;
/*!40101 SET character_set_client = @saved_cs_client */;

--
-- Dumping data for table `tbl_session`
--

LOCK TABLES `tbl_session` WRITE;
/*!40000 ALTER TABLE `tbl_session` DISABLE KEYS */;
INSERT INTO `tbl_session` VALUES (10,42,'eyJhbGciOiJIUzI1NiIsInR5cCI6IkpXVCJ9.eyJ1c2VySWQiOjQyLCJuYW1lIjoiUGV0ZXIgUGFuIiwiaWF0IjoxNzEzOTU3NzE0LCJleHAiOjE3MTQwNDQxMTR9.sDKf5D8in7_FpRDVps3GogTOVCPisjaRKdBbVcxNpGg',1714044114),(11,44,'eyJhbGciOiJIUzI1NiIsInR5cCI6IkpXVCJ9.eyJ1c2VySWQiOjQ0LCJuYW1lIjoiUGV0ZXIgUGFuIiwiaWF0IjoxNzEzOTYxNzQ3LCJleHAiOjE3MTQwNDgxNDd9.YD3GI64Jd6Ji6OK8QvhTZLo45JwSgT0JJvQ2n_C-k_0',1714048147),(19,44,'eyJhbGciOiJIUzI1NiIsInR5cCI6IkpXVCJ9.eyJ1c2VySWQiOjQ0LCJuYW1lIjoiUGV0ZXIgUGFuIiwiaWF0IjoxNzEzOTYyMDM0LCJleHAiOjE3MTQwNDg0MzR9.4gkwSVGs8IiyxWnqoEuzlHTXYT-H6RRCN0OCq_FfN0Y',1714048434),(28,44,'eyJhbGciOiJIUzI1NiIsInR5cCI6IkpXVCJ9.eyJ1c2VySWQiOjQ0LCJuYW1lIjoiUGV0ZXIgUGFuIiwiaWF0IjoxNzEzOTYyMzQwLCJleHAiOjE3MTQwNDg3NDB9.B_gaDq0iH_L7GMfIx-AMDEmssSKmAI0Pny1NZg2L3l0',1714048740),(34,44,'eyJhbGciOiJIUzI1NiIsInR5cCI6IkpXVCJ9.eyJ1c2VySWQiOjQ0LCJuYW1lIjoiUGV0ZXIgUGFuIiwiaWF0IjoxNzEzOTYyNDc3LCJleHAiOjE3MTQwNDg4Nzd9.waPsGL7kEYe5iV8PvzkuuL2pYyZPkV4_NHzbkQOze1M',1714048877),(37,44,'eyJhbGciOiJIUzI1NiIsInR5cCI6IkpXVCJ9.eyJ1c2VySWQiOjQ0LCJuYW1lIjoiUGV0ZXIgUGFuIiwiaWF0IjoxNzEzOTYyNTAzLCJleHAiOjE3MTQwNDg5MDN9.f5v9hs5AFU2pTgQuVP6Ym1Jj_tIzc8CLxgpI2N_bIP0',1714048903),(41,44,'eyJhbGciOiJIUzI1NiIsInR5cCI6IkpXVCJ9.eyJ1c2VySWQiOjQ0LCJuYW1lIjoiUGV0ZXIgUGFuIiwiaWF0IjoxNzEzOTYyOTM4LCJleHAiOjE3MTQwNDkzMzh9.DWRlxEK8P8t1fCkcnwyEwXGj9thoDDjmbUAy_oOoB3c',1714049338),(42,44,'eyJhbGciOiJIUzI1NiIsInR5cCI6IkpXVCJ9.eyJ1c2VySWQiOjQ0LCJuYW1lIjoiUGV0ZXIgUGFuIiwiaWF0IjoxNzEzOTYyOTY0LCJleHAiOjE3MTQwNDkzNjR9.i3L_Au3whgPcebXzLA5HwnO5c3xmH3mH2PjmgYdwVUQ',1714049364),(43,44,'eyJhbGciOiJIUzI1NiIsInR5cCI6IkpXVCJ9.eyJ1c2VySWQiOjQ0LCJuYW1lIjoiUGV0ZXIgUGFuIiwiaWF0IjoxNzEzOTYzMDAxLCJleHAiOjE3MTQwNDk0MDF9.SpOsNgQwVpbfYq4bx5mVIBVe6XoRrRCkX5GjiQnceQU',1714049401),(46,44,'eyJhbGciOiJIUzI1NiIsInR5cCI6IkpXVCJ9.eyJ1c2VySWQiOjQ0LCJuYW1lIjoiUGV0ZXIgUGFuIiwiaWF0IjoxNzEzOTYzMDIwLCJleHAiOjE3MTQwNDk0MjB9.7dblWznYsReVbT1kth4k9IhRawXDWmkqrQXUin_jyAw',1714049420),(47,44,'eyJhbGciOiJIUzI1NiIsInR5cCI6IkpXVCJ9.eyJ1c2VySWQiOjQ0LCJuYW1lIjoiUGV0ZXIgUGFuIiwiaWF0IjoxNzEzOTYzMTI1LCJleHAiOjE3MTQwNDk1MjV9.rSfy7jF6UGq9z-v_lp0VmWWxYzPWA6PTFRSUnjDCwbo',1714049525),(48,44,'eyJhbGciOiJIUzI1NiIsInR5cCI6IkpXVCJ9.eyJ1c2VySWQiOjQ0LCJuYW1lIjoiUGV0ZXIgUGFuIiwiaWF0IjoxNzEzOTYzMzQ4LCJleHAiOjE3MTQwNDk3NDh9.nTKzWmnaXDW5RYj3nG7F4HRA5y0IPNttV2K-XIiH1hw',1714049748),(49,44,'eyJhbGciOiJIUzI1NiIsInR5cCI6IkpXVCJ9.eyJ1c2VySWQiOjQ0LCJuYW1lIjoiUGV0ZXIgUGFuIiwiaWF0IjoxNzEzOTYzMzY1LCJleHAiOjE3MTQwNDk3NjV9.xj7tfaXWvDHkaRPLEJ6TF8eAg7tgiJ6j2e5lLke755Y',1714049765),(50,44,'eyJhbGciOiJIUzI1NiIsInR5cCI6IkpXVCJ9.eyJ1c2VySWQiOjQ0LCJuYW1lIjoiUGV0ZXIgUGFuIiwiaWF0IjoxNzEzOTYzNDM3LCJleHAiOjE3MTQwNDk4Mzd9.EQk2obrqkV5rcUuSlnY3jqc6Idha7iC5k8O6t32_r-o',1714049837),(51,44,'eyJhbGciOiJIUzI1NiIsInR5cCI6IkpXVCJ9.eyJ1c2VySWQiOjQ0LCJuYW1lIjoiUGV0ZXIgUGFuIiwiaWF0IjoxNzEzOTYzNTQyLCJleHAiOjE3MTQwNDk5NDJ9.COZEp2UTu1WSLiKTByxyqX_x4UYxoIPvTVx8BL53whk',1714049942),(52,44,'eyJhbGciOiJIUzI1NiIsInR5cCI6IkpXVCJ9.eyJ1c2VySWQiOjQ0LCJuYW1lIjoiUGV0ZXIgUGFuIiwiaWF0IjoxNzEzOTYzNTg5LCJleHAiOjE3MTQwNDk5ODl9.i2W0Ax7YBp4FEQWTyCT_G4QVpPSIi4fbPi0I8QYuKqk',1714049989),(53,44,'eyJhbGciOiJIUzI1NiIsInR5cCI6IkpXVCJ9.eyJ1c2VySWQiOjQ0LCJuYW1lIjoiUGV0ZXIgUGFuIiwiaWF0IjoxNzEzOTYzNTk2LCJleHAiOjE3MTQwNDk5OTZ9.6eA5c-Q9-yThXEVAwz4YqDC0DVuHeRLKgVfS9uPB774',1714049996),(54,44,'eyJhbGciOiJIUzI1NiIsInR5cCI6IkpXVCJ9.eyJ1c2VySWQiOjQ0LCJuYW1lIjoiUGV0ZXIgUGFuIiwiaWF0IjoxNzEzOTYzNjA0LCJleHAiOjE3MTQwNTAwMDR9.VnkfgwbK97717ribgZVr1xOlxVPXyhLB1lTiGafBGKE',1714050004),(55,44,'eyJhbGciOiJIUzI1NiIsInR5cCI6IkpXVCJ9.eyJ1c2VySWQiOjQ0LCJuYW1lIjoiUGV0ZXIgUGFuIiwiaWF0IjoxNzEzOTYzODc3LCJleHAiOjE3MTQwNTAyNzd9.yrrzfQmVCoTb-xZQKAXdCP4BPHnZsvEXnkBy3PWbF00',1714050277),(56,44,'eyJhbGciOiJIUzI1NiIsInR5cCI6IkpXVCJ9.eyJ1c2VySWQiOjQ0LCJuYW1lIjoiUGV0ZXIgUGFuIiwiaWF0IjoxNzEzOTYzODk1LCJleHAiOjE3MTQwNTAyOTV9.xCYJomfgGXcgyL40PPNkqT8bAGVaTRdJSj4OWhRnoJo',1714050295),(57,44,'eyJhbGciOiJIUzI1NiIsInR5cCI6IkpXVCJ9.eyJ1c2VySWQiOjQ0LCJuYW1lIjoiUGV0ZXIgUGFuIiwiaWF0IjoxNzEzOTYzOTk1LCJleHAiOjE3MTQwNTAzOTV9.zujEifiuDzzQg5VZSr1qZbnw0FLOERbVxd9fDQvNjpI',1714050395),(58,44,'eyJhbGciOiJIUzI1NiIsInR5cCI6IkpXVCJ9.eyJ1c2VySWQiOjQ0LCJuYW1lIjoiUGV0ZXIgUGFuIiwiaWF0IjoxNzEzOTY0MDIxLCJleHAiOjE3MTQwNTA0MjF9.ilCkESinjKRJ0PyWYM3DmjpqW_8YIDbgXYyokC1xPIs',1714050421),(59,44,'eyJhbGciOiJIUzI1NiIsInR5cCI6IkpXVCJ9.eyJ1c2VySWQiOjQ0LCJuYW1lIjoiUGV0ZXIgUGFuIiwiaWF0IjoxNzEzOTY0MDM1LCJleHAiOjE3MTQwNTA0MzV9.XMRCGv696C7CMTA46RC_YZmCETK7VH_bOhriUZwwOjA',1714050435),(60,44,'eyJhbGciOiJIUzI1NiIsInR5cCI6IkpXVCJ9.eyJ1c2VySWQiOjQ0LCJuYW1lIjoiUGV0ZXIgUGFuIiwiaWF0IjoxNzEzOTY0MzQzLCJleHAiOjE3MTQwNTA3NDN9.qhYXkmHqgm9Z82NblWedWdJxK8jKGFtRWvfVTEYSImg',1714050743),(61,44,'eyJhbGciOiJIUzI1NiIsInR5cCI6IkpXVCJ9.eyJ1c2VySWQiOjQ0LCJuYW1lIjoiUGV0ZXIgUGFuIiwiaWF0IjoxNzEzOTY0Mzc4LCJleHAiOjE3MTQwNTA3Nzh9.Tw_j-zgpVc8k9zB-XQxPQFSj00cQrVe9iZ3m0JX-F9A',1714050778),(62,44,'eyJhbGciOiJIUzI1NiIsInR5cCI6IkpXVCJ9.eyJ1c2VySWQiOjQ0LCJuYW1lIjoiUGV0ZXIgUGFuIiwiaWF0IjoxNzEzOTY0NDUyLCJleHAiOjE3MTQwNTA4NTJ9.ss_SuIZQf2INjSkRfqE1ykIbMtoTIkegf3s46xYGg5E',1714050852),(63,44,'eyJhbGciOiJIUzI1NiIsInR5cCI6IkpXVCJ9.eyJ1c2VySWQiOjQ0LCJuYW1lIjoiUGV0ZXIgUGFuIiwiaWF0IjoxNzEzOTY0NDc5LCJleHAiOjE3MTQwNTA4Nzl9.cAxap7DHwBaXLQtGy5L4-MuHZ-GWET1v1BGqzKOnAqc',1714050879),(64,44,'eyJhbGciOiJIUzI1NiIsInR5cCI6IkpXVCJ9.eyJ1c2VySWQiOjQ0LCJuYW1lIjoiUGV0ZXIgUGFuIiwiaWF0IjoxNzEzOTY0NTE2LCJleHAiOjE3MTQwNTA5MTZ9.83eKL71xOVrBP3F5cb5yYvlhNcHf0KC4SJQCWfCwbR4',1714050916),(65,44,'eyJhbGciOiJIUzI1NiIsInR5cCI6IkpXVCJ9.eyJ1c2VySWQiOjQ0LCJuYW1lIjoiUGV0ZXIgUGFuIiwiaWF0IjoxNzEzOTY0NTg2LCJleHAiOjE3MTQwNTA5ODZ9.JyKoNttB5cUIpbWL3VyFPLN8mljBSRiO6bzs5kvwcoM',1714050986),(66,44,'eyJhbGciOiJIUzI1NiIsInR5cCI6IkpXVCJ9.eyJ1c2VySWQiOjQ0LCJuYW1lIjoiUGV0ZXIgUGFuIiwiaWF0IjoxNzEzOTY0Nzk4LCJleHAiOjE3MTQwNTExOTh9.WA3MRYwJU3qNb2gDCPLERiWwsfg1tvAsV8FiRSu42Gk',1714051198),(67,44,'eyJhbGciOiJIUzI1NiIsInR5cCI6IkpXVCJ9.eyJ1c2VySWQiOjQ0LCJuYW1lIjoiUGV0ZXIgUGFuIiwiaWF0IjoxNzEzOTY0ODI1LCJleHAiOjE3MTQwNTEyMjV9.Aaw1f85KPHT_eUrbfZP67PQRPkQsZIULTVQSWACeE20',1714051225),(68,44,'eyJhbGciOiJIUzI1NiIsInR5cCI6IkpXVCJ9.eyJ1c2VySWQiOjQ0LCJuYW1lIjoiUGV0ZXIgUGFuIiwiaWF0IjoxNzEzOTY0ODU5LCJleHAiOjE3MTQwNTEyNTl9.RTPkPVd9PRYAequD1ZjpKgXOaicQN2EJmMNqPRiPBeU',1714051259),(69,44,'eyJhbGciOiJIUzI1NiIsInR5cCI6IkpXVCJ9.eyJ1c2VySWQiOjQ0LCJuYW1lIjoiUGV0ZXIgUGFuIiwiaWF0IjoxNzEzOTY1MTg3LCJleHAiOjE3MTQwNTE1ODd9.OUuA-Fl2xBTHniOZGnTykYg4KaoyCsX2TwkVSyjBtVM',1714051587),(70,44,'eyJhbGciOiJIUzI1NiIsInR5cCI6IkpXVCJ9.eyJ1c2VySWQiOjQ0LCJuYW1lIjoiUGV0ZXIgUGFuIiwiaWF0IjoxNzEzOTY1MjE5LCJleHAiOjE3MTQwNTE2MTl9.o2UpWSVDdJu8iBeEIUvPcn7W4YDLFF30MITxh2dMVFY',1714051619),(86,44,'eyJhbGciOiJIUzI1NiIsInR5cCI6IkpXVCJ9.eyJ1c2VySWQiOjQ0LCJuYW1lIjoiUGV0ZXIgUGFuIiwiaWF0IjoxNzE0MDI0MDEwLCJleHAiOjE3MTQxMTA0MTB9.IVz4mvSfiCPb2cFI3-yFPnatRg9Ql5gM2r5yEnbWVaA',1714110410),(95,44,'eyJhbGciOiJIUzI1NiIsInR5cCI6IkpXVCJ9.eyJ1c2VySWQiOjQ0LCJuYW1lIjoiUGV0ZXIgUGFuIiwiaWF0IjoxNzE0MDI0MTQwLCJleHAiOjE3MTQxMTA1NDB9._ZpRZ_VVqljOJ7r9_Agxogs_PyQ258sqhqAyDyai1II',1714110540),(98,44,'eyJhbGciOiJIUzI1NiIsInR5cCI6IkpXVCJ9.eyJ1c2VySWQiOjQ0LCJuYW1lIjoiUGV0ZXIgUGFuIiwiaWF0IjoxNzE0MDI0MTQyLCJleHAiOjE3MTQxMTA1NDJ9.w6nf6LdQVXuCWdL9Iqi3hKDNOlEHbxcgkDth0gVBJu0',1714110542),(99,44,'eyJhbGciOiJIUzI1NiIsInR5cCI6IkpXVCJ9.eyJ1c2VySWQiOjQ0LCJuYW1lIjoiUGV0ZXIgUGFuIiwiaWF0IjoxNzE0MDI0MjM5LCJleHAiOjE3MTQxMTA2Mzl9.X9wl7iInh6kXgQHgIn44s_njBFCJD4LhbwXHk9AeFd8',1714110639),(102,44,'eyJhbGciOiJIUzI1NiIsInR5cCI6IkpXVCJ9.eyJ1c2VySWQiOjQ0LCJuYW1lIjoiUGV0ZXIgUGFuIiwiaWF0IjoxNzE0MDI0MjQxLCJleHAiOjE3MTQxMTA2NDF9.3SelQ-kQZ3ORuQ0w-tFTKdKxotaFzXWE6y8IAkijOMs',1714110641),(103,44,'eyJhbGciOiJIUzI1NiIsInR5cCI6IkpXVCJ9.eyJ1c2VySWQiOjQ0LCJuYW1lIjoiUGV0ZXIgUGFuIiwiaWF0IjoxNzE0MDI0MjUwLCJleHAiOjE3MTQxMTA2NTB9.eqcaC9cZ8ZyltZ97wkprmWLP9TgpkW0kreteUubXrI4',1714110650),(105,44,'eyJhbGciOiJIUzI1NiIsInR5cCI6IkpXVCJ9.eyJ1c2VySWQiOjQ0LCJuYW1lIjoiUGV0ZXIgUGFuIiwiaWF0IjoxNzE0MDI0MjUyLCJleHAiOjE3MTQxMTA2NTJ9.eZkAt-baIi-kQq_h4l8LpNvNGZ_v2AxTaxtTQWmPZzU',1714110652),(106,44,'eyJhbGciOiJIUzI1NiIsInR5cCI6IkpXVCJ9.eyJ1c2VySWQiOjQ0LCJuYW1lIjoiUGV0ZXIgUGFuIiwiaWF0IjoxNzE0MDI0MjUyLCJleHAiOjE3MTQxMTA2NTJ9.eZkAt-baIi-kQq_h4l8LpNvNGZ_v2AxTaxtTQWmPZzU',1714110652),(107,44,'eyJhbGciOiJIUzI1NiIsInR5cCI6IkpXVCJ9.eyJ1c2VySWQiOjQ0LCJuYW1lIjoiUGV0ZXIgUGFuIiwiaWF0IjoxNzE0MDI0Mjc0LCJleHAiOjE3MTQxMTA2NzR9.cS-ivbAtkmbApVgTX9Pu37orAeY-vGuysO_M5-Yd7JM',1714110674),(110,44,'eyJhbGciOiJIUzI1NiIsInR5cCI6IkpXVCJ9.eyJ1c2VySWQiOjQ0LCJuYW1lIjoiUGV0ZXIgUGFuIiwiaWF0IjoxNzE0MDI0Mjc2LCJleHAiOjE3MTQxMTA2NzZ9.yTPuecfjfiXtes74Nl8Oh6GdpfVypVWrh97bEBlqvi4',1714110676),(111,44,'eyJhbGciOiJIUzI1NiIsInR5cCI6IkpXVCJ9.eyJ1c2VySWQiOjQ0LCJuYW1lIjoiUGV0ZXIgUGFuIiwiaWF0IjoxNzE0MDI0MzE1LCJleHAiOjE3MTQxMTA3MTV9.5zs5SAPHcKpsMRgALEmvh4WbaYS5Bbm-xjSir-WocVg',1714110715),(113,44,'eyJhbGciOiJIUzI1NiIsInR5cCI6IkpXVCJ9.eyJ1c2VySWQiOjQ0LCJuYW1lIjoiUGV0ZXIgUGFuIiwiaWF0IjoxNzE0MDI0MzE3LCJleHAiOjE3MTQxMTA3MTd9.TL-gLWwqqE5suOmPJ88GAT-kuFNZzoCrYdYV83Q5t7A',1714110717),(114,44,'eyJhbGciOiJIUzI1NiIsInR5cCI6IkpXVCJ9.eyJ1c2VySWQiOjQ0LCJuYW1lIjoiUGV0ZXIgUGFuIiwiaWF0IjoxNzE0MDI0MzE3LCJleHAiOjE3MTQxMTA3MTd9.TL-gLWwqqE5suOmPJ88GAT-kuFNZzoCrYdYV83Q5t7A',1714110717),(115,44,'eyJhbGciOiJIUzI1NiIsInR5cCI6IkpXVCJ9.eyJ1c2VySWQiOjQ0LCJuYW1lIjoiUGV0ZXIgUGFuIiwiaWF0IjoxNzE0MDI0Njc1LCJleHAiOjE3MTQxMTEwNzV9.U1YZLxv72lU6kS9zWqfhzh1VCVWpJB1QFJl__r0Mw0I',1714111075),(118,44,'eyJhbGciOiJIUzI1NiIsInR5cCI6IkpXVCJ9.eyJ1c2VySWQiOjQ0LCJuYW1lIjoiUGV0ZXIgUGFuIiwiaWF0IjoxNzE0MDI0Njc4LCJleHAiOjE3MTQxMTEwNzh9.QKVHZFmM333bOlt8EzBa8vY55Iu7FMm8H5vcUuWikMQ',1714111078),(119,44,'eyJhbGciOiJIUzI1NiIsInR5cCI6IkpXVCJ9.eyJ1c2VySWQiOjQ0LCJuYW1lIjoiUGV0ZXIgUGFuIiwiaWF0IjoxNzE0MDI0NzYzLCJleHAiOjE3MTQxMTExNjN9.7yheUZknUCJWqqLDIK1KUiYIEuliMAG6sUmOUSpVZkQ',1714111163),(122,44,'eyJhbGciOiJIUzI1NiIsInR5cCI6IkpXVCJ9.eyJ1c2VySWQiOjQ0LCJuYW1lIjoiUGV0ZXIgUGFuIiwiaWF0IjoxNzE0MDI0NzY2LCJleHAiOjE3MTQxMTExNjZ9.KABT2XlCgSmQ6mOX2BPllJDdJBDryxV9lWZt4r916DY',1714111166),(123,44,'eyJhbGciOiJIUzI1NiIsInR5cCI6IkpXVCJ9.eyJ1c2VySWQiOjQ0LCJuYW1lIjoiUGV0ZXIgUGFuIiwiaWF0IjoxNzE0MDI5NzM1LCJleHAiOjE3MTQxMTYxMzV9.4brA6kSNdqwOrtcKgoVHdHmDWIbmfDt8TP_R3wxyRPY',1714116135),(124,44,'eyJhbGciOiJIUzI1NiIsInR5cCI6IkpXVCJ9.eyJ1c2VySWQiOjQ0LCJuYW1lIjoiUGV0ZXIgUGFuIiwiaWF0IjoxNzE0MDI5NzcxLCJleHAiOjE3MTQxMTYxNzF9.Vo0YM4hZ3UO0ra9IsgdK-QLgQ80KpMn2nsLDccw-Q3I',1714116171),(125,44,'eyJhbGciOiJIUzI1NiIsInR5cCI6IkpXVCJ9.eyJ1c2VySWQiOjQ0LCJuYW1lIjoiUGV0ZXIgUGFuIiwiaWF0IjoxNzE0MDMwMDc1LCJleHAiOjE3MTQxMTY0NzV9.AttA7XutA1L9L2JkBGuFUoifvNsaF-TAVY_QH-E0_IE',1714116475),(126,44,'eyJhbGciOiJIUzI1NiIsInR5cCI6IkpXVCJ9.eyJ1c2VySWQiOjQ0LCJuYW1lIjoiUGV0ZXIgUGFuIiwiaWF0IjoxNzE0MDMwMTIxLCJleHAiOjE3MTQxMTY1MjF9.b8YNyx3uvMBgeeEWOAmUjIpLZDci2kpaG0XswvJYv6w',1714116521),(127,44,'eyJhbGciOiJIUzI1NiIsInR5cCI6IkpXVCJ9.eyJ1c2VySWQiOjQ0LCJuYW1lIjoiUGV0ZXIgUGFuIiwiaWF0IjoxNzE0MDMwMTU2LCJleHAiOjE3MTQxMTY1NTZ9.n1CQor8Y4vlxwBB3y0-grpmavTFHzYkpWxcYNjGzkhM',1714116556),(128,44,'eyJhbGciOiJIUzI1NiIsInR5cCI6IkpXVCJ9.eyJ1c2VySWQiOjQ0LCJuYW1lIjoiUGV0ZXIgUGFuIiwiaWF0IjoxNzE0MDMwMTg0LCJleHAiOjE3MTQxMTY1ODR9.Smv8qdF0dOXlHGFFAnjDM0LItMrH7VC7vwxJFkWxIuk',1714116584),(129,44,'eyJhbGciOiJIUzI1NiIsInR5cCI6IkpXVCJ9.eyJ1c2VySWQiOjQ0LCJuYW1lIjoiUGV0ZXIgUGFuIiwiaWF0IjoxNzE0MDMwMTk2LCJleHAiOjE3MTQxMTY1OTZ9.vLtZO1bF81ImHNt4BRS-76yLOFm0rHf1LEOj-uxKhVA',1714116596),(130,44,'eyJhbGciOiJIUzI1NiIsInR5cCI6IkpXVCJ9.eyJ1c2VySWQiOjQ0LCJuYW1lIjoiUGV0ZXIgUGFuIiwiaWF0IjoxNzE0MDMwMjY2LCJleHAiOjE3MTQxMTY2NjZ9.YsenNhz3GGPlUhOu0_uvpbrj9myS9B3u4wp_QI1Vp0U',1714116666),(131,44,'eyJhbGciOiJIUzI1NiIsInR5cCI6IkpXVCJ9.eyJ1c2VySWQiOjQ0LCJuYW1lIjoiUGV0ZXIgUGFuIiwiaWF0IjoxNzE0MDMwMjY2LCJleHAiOjE3MTQxMTY2NjZ9.YsenNhz3GGPlUhOu0_uvpbrj9myS9B3u4wp_QI1Vp0U',1714116666),(132,44,'eyJhbGciOiJIUzI1NiIsInR5cCI6IkpXVCJ9.eyJ1c2VySWQiOjQ0LCJuYW1lIjoiUGV0ZXIgUGFuIiwiaWF0IjoxNzE0MDMwMzI3LCJleHAiOjE3MTQxMTY3Mjd9.Tko4cunFlZ8NG0nXYUu_MMOL0_76haCb2VARg9l_dOE',1714116727),(133,44,'eyJhbGciOiJIUzI1NiIsInR5cCI6IkpXVCJ9.eyJ1c2VySWQiOjQ0LCJuYW1lIjoiUGV0ZXIgUGFuIiwiaWF0IjoxNzE0MDMwMzc3LCJleHAiOjE3MTQxMTY3Nzd9.Ot58JOE6stp70sz2KUk45O_jYoVi2kaP1saVlBEo_o4',1714116777),(134,44,'eyJhbGciOiJIUzI1NiIsInR5cCI6IkpXVCJ9.eyJ1c2VySWQiOjQ0LCJuYW1lIjoiUGV0ZXIgUGFuIiwiaWF0IjoxNzE0MDMwNDE5LCJleHAiOjE3MTQxMTY4MTl9.HMhJzl_M2eifGU7JNkH-PkL1D1JdMPc8D3NXqp2_H10',1714116819),(135,44,'eyJhbGciOiJIUzI1NiIsInR5cCI6IkpXVCJ9.eyJ1c2VySWQiOjQ0LCJuYW1lIjoiUGV0ZXIgUGFuIiwiaWF0IjoxNzE0MDMwNDIwLCJleHAiOjE3MTQxMTY4MjB9.gNohx45qnggkwLsBLmLpHFuLb6ppQ4JiavmxpqPHMIs',1714116820),(137,44,'eyJhbGciOiJIUzI1NiIsInR5cCI6IkpXVCJ9.eyJ1c2VySWQiOjQ0LCJuYW1lIjoiUGV0ZXIgUGFuIiwiaWF0IjoxNzE0MDMwNDIyLCJleHAiOjE3MTQxMTY4MjJ9.ovecCGPXqF8aMpXbapgpLRpK81BsEGOjkawW8r3gVek',1714116822),(138,44,'eyJhbGciOiJIUzI1NiIsInR5cCI6IkpXVCJ9.eyJ1c2VySWQiOjQ0LCJuYW1lIjoiUGV0ZXIgUGFuIiwiaWF0IjoxNzE0MDMwNTMzLCJleHAiOjE3MTQxMTY5MzN9.X_el-TlUzc5FKlVJS22IpuFc4XP7HVZU5gHkiG79hIA',1714116933),(139,44,'eyJhbGciOiJIUzI1NiIsInR5cCI6IkpXVCJ9.eyJ1c2VySWQiOjQ0LCJuYW1lIjoiUGV0ZXIgUGFuIiwiaWF0IjoxNzE0MDMwNTM1LCJleHAiOjE3MTQxMTY5MzV9.K73QhpSoDn-xV4AzGtvJquYpWlC1EineDacjIpeRIKY',1714116935),(142,44,'eyJhbGciOiJIUzI1NiIsInR5cCI6IkpXVCJ9.eyJ1c2VySWQiOjQ0LCJuYW1lIjoiUGV0ZXIgUGFuIiwiaWF0IjoxNzE0MDMwNjY4LCJleHAiOjE3MTQxMTcwNjh9.whwRjInk0c8vnUtz7W4kAGXNqKpBWI-kO6dLAfDytac',1714117068),(143,44,'eyJhbGciOiJIUzI1NiIsInR5cCI6IkpXVCJ9.eyJ1c2VySWQiOjQ0LCJuYW1lIjoiUGV0ZXIgUGFuIiwiaWF0IjoxNzE0MDMwNjcwLCJleHAiOjE3MTQxMTcwNzB9.OnvjzjFqur1HLkgUKATcwbJCKAcaYLMZOoMPGyHT69Y',1714117070),(146,44,'eyJhbGciOiJIUzI1NiIsInR5cCI6IkpXVCJ9.eyJ1c2VySWQiOjQ0LCJuYW1lIjoiUGV0ZXIgUGFuIiwiaWF0IjoxNzE0MDMwNzgyLCJleHAiOjE3MTQxMTcxODJ9.hzI8T9rvPiFpmm2Hd1M6zAX55orxpnH_kF0I2AjWwTU',1714117182),(147,44,'eyJhbGciOiJIUzI1NiIsInR5cCI6IkpXVCJ9.eyJ1c2VySWQiOjQ0LCJuYW1lIjoiUGV0ZXIgUGFuIiwiaWF0IjoxNzE0MDMwODYwLCJleHAiOjE3MTQxMTcyNjB9.2jWZV2imK0FYuHVHt9JsYZHQ2yFV3jRH2lk_NVQ3YSM',1714117260),(148,44,'eyJhbGciOiJIUzI1NiIsInR5cCI6IkpXVCJ9.eyJ1c2VySWQiOjQ0LCJuYW1lIjoiUGV0ZXIgUGFuIiwiaWF0IjoxNzE0MDMwOTAyLCJleHAiOjE3MTQxMTczMDJ9.XzaGDg1vkGNyD8qsAAoNd4F9KAmzQl-6cyAhZZbqga0',1714117302),(149,44,'eyJhbGciOiJIUzI1NiIsInR5cCI6IkpXVCJ9.eyJ1c2VySWQiOjQ0LCJuYW1lIjoiUGV0ZXIgUGFuIiwiaWF0IjoxNzE0MDMwOTQ5LCJleHAiOjE3MTQxMTczNDl9.JMfbrPmIW02CbmicjhUvIYJYO58dp_IjXPs2paLI47g',1714117349),(150,44,'eyJhbGciOiJIUzI1NiIsInR5cCI6IkpXVCJ9.eyJ1c2VySWQiOjQ0LCJuYW1lIjoiUGV0ZXIgUGFuIiwiaWF0IjoxNzE0MDMxMDA4LCJleHAiOjE3MTQxMTc0MDh9.d7vY63dc_eBlcqycKl5Z7aC6YEnCipqzqIAZxPJyKtQ',1714117408),(151,44,'eyJhbGciOiJIUzI1NiIsInR5cCI6IkpXVCJ9.eyJ1c2VySWQiOjQ0LCJuYW1lIjoiUGV0ZXIgUGFuIiwiaWF0IjoxNzE0MDMxMDIyLCJleHAiOjE3MTQxMTc0MjJ9.ORd7Zoc6mzNsNjnVglpaab4NFAKofubJakmvMdQ9uTw',1714117422),(152,44,'eyJhbGciOiJIUzI1NiIsInR5cCI6IkpXVCJ9.eyJ1c2VySWQiOjQ0LCJuYW1lIjoiUGV0ZXIgUGFuIiwiaWF0IjoxNzE0MDMxMDIzLCJleHAiOjE3MTQxMTc0MjN9.L31IRmf7NBaAqDc9GGcMFcSHS_Mi1OHRAYE1Oj5ppTc',1714117423),(155,44,'eyJhbGciOiJIUzI1NiIsInR5cCI6IkpXVCJ9.eyJ1c2VySWQiOjQ0LCJuYW1lIjoiUGV0ZXIgUGFuIiwiaWF0IjoxNzE0MDMxMjU3LCJleHAiOjE3MTQxMTc2NTd9.6RFowf-FFpjYi9HV4sO0GotW0P_mTMCvAx7JDEx0suQ',1714117657),(156,44,'eyJhbGciOiJIUzI1NiIsInR5cCI6IkpXVCJ9.eyJ1c2VySWQiOjQ0LCJuYW1lIjoiUGV0ZXIgUGFuIiwiaWF0IjoxNzE0MDMxNjE4LCJleHAiOjE3MTQxMTgwMTh9.9neB6EU1V4oECwchXwGLx1gHG8aUTlG1G26DVk37yI4',1714118018),(157,44,'eyJhbGciOiJIUzI1NiIsInR5cCI6IkpXVCJ9.eyJ1c2VySWQiOjQ0LCJuYW1lIjoiUGV0ZXIgUGFuIiwiaWF0IjoxNzE0MDMxNjcyLCJleHAiOjE3MTQxMTgwNzJ9.ZUvda_9F8aWpgSVG64GQ0m6XOrhGkyVwybPLURAYArw',1714118072),(158,44,'eyJhbGciOiJIUzI1NiIsInR5cCI6IkpXVCJ9.eyJ1c2VySWQiOjQ0LCJuYW1lIjoiUGV0ZXIgUGFuIiwiaWF0IjoxNzE0MDMxNjkyLCJleHAiOjE3MTQxMTgwOTJ9.vvH70xyb0kuuThpc0FoutNZq0vmOTE7RBWeUxKseNgY',1714118092),(159,44,'eyJhbGciOiJIUzI1NiIsInR5cCI6IkpXVCJ9.eyJ1c2VySWQiOjQ0LCJuYW1lIjoiUGV0ZXIgUGFuIiwiaWF0IjoxNzE0MDMxNzYzLCJleHAiOjE3MTQxMTgxNjN9.XxQZRrxIL702yfChgi4ItjSvt9hGjRlpfEOWfwrLemo',1714118163),(160,44,'eyJhbGciOiJIUzI1NiIsInR5cCI6IkpXVCJ9.eyJ1c2VySWQiOjQ0LCJuYW1lIjoiUGV0ZXIgUGFuIiwiaWF0IjoxNzE0MDMxNzk2LCJleHAiOjE3MTQxMTgxOTZ9.6ZLke3YL5-sjALVfeer4O1N-oPq4PmRw1b4CPJRuUVo',1714118196),(161,44,'eyJhbGciOiJIUzI1NiIsInR5cCI6IkpXVCJ9.eyJ1c2VySWQiOjQ0LCJuYW1lIjoiUGV0ZXIgUGFuIiwiaWF0IjoxNzE0MDMxODA3LCJleHAiOjE3MTQxMTgyMDd9.dr0er2Er8sv8qgru-a_ayBLw14Pq7jXL2MW4Yu4Xy04',1714118207),(162,44,'eyJhbGciOiJIUzI1NiIsInR5cCI6IkpXVCJ9.eyJ1c2VySWQiOjQ0LCJuYW1lIjoiUGV0ZXIgUGFuIiwiaWF0IjoxNzE0MDMxODI1LCJleHAiOjE3MTQxMTgyMjV9.kE5-Djmol_xtKH6KUsAQnq9yA0-eHwL5u1ccZ-zqAJc',1714118225),(163,44,'eyJhbGciOiJIUzI1NiIsInR5cCI6IkpXVCJ9.eyJ1c2VySWQiOjQ0LCJuYW1lIjoiUGV0ZXIgUGFuIiwiaWF0IjoxNzE0MDMyMDAyLCJleHAiOjE3MTQxMTg0MDJ9.xDv-pVdX8SrqW9TxZvPtu15JnOc8LpA60QiGOwtxjHg',1714118402),(164,44,'eyJhbGciOiJIUzI1NiIsInR5cCI6IkpXVCJ9.eyJ1c2VySWQiOjQ0LCJuYW1lIjoiUGV0ZXIgUGFuIiwiaWF0IjoxNzE0MDMyMTQ3LCJleHAiOjE3MTQxMTg1NDd9.TN8VyHCk9AJxWCRdEhXRAE-mIrT0gtt7FYg3425EOxU',1714118547),(165,44,'eyJhbGciOiJIUzI1NiIsInR5cCI6IkpXVCJ9.eyJ1c2VySWQiOjQ0LCJuYW1lIjoiUGV0ZXIgUGFuIiwiaWF0IjoxNzE0MDMyMjExLCJleHAiOjE3MTQxMTg2MTF9.0Pp6YUWdDKCw3S8oZyzfrEaila_sdbjBqpMu4uF1m_8',1714118611),(166,44,'eyJhbGciOiJIUzI1NiIsInR5cCI6IkpXVCJ9.eyJ1c2VySWQiOjQ0LCJuYW1lIjoiUGV0ZXIgUGFuIiwiaWF0IjoxNzE0MDMyMjczLCJleHAiOjE3MTQxMTg2NzN9.Gd0-nr5NSbdB1LhEyOiVgdRjsU40-X4-cZX91P-D8Iw',1714118673),(167,44,'eyJhbGciOiJIUzI1NiIsInR5cCI6IkpXVCJ9.eyJ1c2VySWQiOjQ0LCJuYW1lIjoiUGV0ZXIgUGFuIiwiaWF0IjoxNzE0MDMyNDMzLCJleHAiOjE3MTQxMTg4MzN9.6I1A1yS0Fjne9Qc8vCf43HK6h5qlE3dz2f6cZzi6Sqc',1714118833),(168,44,'eyJhbGciOiJIUzI1NiIsInR5cCI6IkpXVCJ9.eyJ1c2VySWQiOjQ0LCJuYW1lIjoiUGV0ZXIgUGFuIiwiaWF0IjoxNzE0MDMyNDQ0LCJleHAiOjE3MTQxMTg4NDR9.tI5_MNN8aYSKEH83Jy3pZw5Gbs8Kmq3PiOT51Ex7E6g',1714118844),(169,44,'eyJhbGciOiJIUzI1NiIsInR5cCI6IkpXVCJ9.eyJ1c2VySWQiOjQ0LCJuYW1lIjoiUGV0ZXIgUGFuIiwiaWF0IjoxNzE0MDMyNDQ1LCJleHAiOjE3MTQxMTg4NDV9.VrjLpAZ6P-JljQY3Z2nBZ0coltOo_KiMXVl-_G1ZS4A',1714118845),(170,44,'eyJhbGciOiJIUzI1NiIsInR5cCI6IkpXVCJ9.eyJ1c2VySWQiOjQ0LCJuYW1lIjoiUGV0ZXIgUGFuIiwiaWF0IjoxNzE0MDMyNDQ2LCJleHAiOjE3MTQxMTg4NDZ9.Y-IjmtOWZaWphTB4q0AyGuBPKzhhPNCyTEfsEcSYJAI',1714118846),(173,44,'eyJhbGciOiJIUzI1NiIsInR5cCI6IkpXVCJ9.eyJ1c2VySWQiOjQ0LCJuYW1lIjoiUGV0ZXIgUGFuIiwiaWF0IjoxNzE0MDMyNTI5LCJleHAiOjE3MTQxMTg5Mjl9.icqOnBJDLOSFzAlgBr4bcOld91QtJSLZpU7mx45_D7w',1714118929),(174,44,'eyJhbGciOiJIUzI1NiIsInR5cCI6IkpXVCJ9.eyJ1c2VySWQiOjQ0LCJuYW1lIjoiUGV0ZXIgUGFuIiwiaWF0IjoxNzE0MDMyNTMwLCJleHAiOjE3MTQxMTg5MzB9.zrj9WrtYYe4TlXcR5VZXYMqYb7221bUrUdppfQ0CAdY',1714118930),(175,44,'eyJhbGciOiJIUzI1NiIsInR5cCI6IkpXVCJ9.eyJ1c2VySWQiOjQ0LCJuYW1lIjoiUGV0ZXIgUGFuIiwiaWF0IjoxNzE0MDMyNTMxLCJleHAiOjE3MTQxMTg5MzF9.UiJa1yvX1oaPWfGogZwD7rIlV4SgWgELZI1-Lp3Ak-g',1714118931),(178,44,'eyJhbGciOiJIUzI1NiIsInR5cCI6IkpXVCJ9.eyJ1c2VySWQiOjQ0LCJuYW1lIjoiUGV0ZXIgUGFuIiwiaWF0IjoxNzE0MDMyNTUyLCJleHAiOjE3MTQxMTg5NTJ9.Cs_oW6x68coXA-_fd7JLOv0OWo-xljJIdnkm18W9VRM',1714118952),(179,44,'eyJhbGciOiJIUzI1NiIsInR5cCI6IkpXVCJ9.eyJ1c2VySWQiOjQ0LCJuYW1lIjoiUGV0ZXIgUGFuIiwiaWF0IjoxNzE0MDMyNTUzLCJleHAiOjE3MTQxMTg5NTN9.TA_7SOKKHKprsJwc_Xvk5f6oXtQbhsI1euDWWRqIAwY',1714118953),(182,44,'eyJhbGciOiJIUzI1NiIsInR5cCI6IkpXVCJ9.eyJ1c2VySWQiOjQ0LCJuYW1lIjoiUGV0ZXIgUGFuIiwiaWF0IjoxNzE0MDMyNTU2LCJleHAiOjE3MTQxMTg5NTZ9.VczhkcyH1oJKLp8XsBT_ix1tEw-hN3ixuRylFOK-wOk',1714118956),(183,44,'eyJhbGciOiJIUzI1NiIsInR5cCI6IkpXVCJ9.eyJ1c2VySWQiOjQ0LCJuYW1lIjoiUGV0ZXIgUGFuIiwiaWF0IjoxNzE0MDMyNTk3LCJleHAiOjE3MTQxMTg5OTd9.BjUWArryBmhOtZXMVrlH_Q2rAO_TNGZ04dAXyMvkHzg',1714118997),(184,44,'eyJhbGciOiJIUzI1NiIsInR5cCI6IkpXVCJ9.eyJ1c2VySWQiOjQ0LCJuYW1lIjoiUGV0ZXIgUGFuIiwiaWF0IjoxNzE0MDMyNTk5LCJleHAiOjE3MTQxMTg5OTl9.SA_V-mlqkU3vFezUcqGhH0_5K-tfGn48llKIRtyBreQ',1714118999),(186,44,'eyJhbGciOiJIUzI1NiIsInR5cCI6IkpXVCJ9.eyJ1c2VySWQiOjQ0LCJuYW1lIjoiUGV0ZXIgUGFuIiwiaWF0IjoxNzE0MDMyNjAxLCJleHAiOjE3MTQxMTkwMDF9.sycti2WrPuEq1LhQV_Rkg2xyr7mbva4KyAR9SHgxYUU',1714119001),(187,44,'eyJhbGciOiJIUzI1NiIsInR5cCI6IkpXVCJ9.eyJ1c2VySWQiOjQ0LCJuYW1lIjoiUGV0ZXIgUGFuIiwiaWF0IjoxNzE0MDMyNjAxLCJleHAiOjE3MTQxMTkwMDF9.sycti2WrPuEq1LhQV_Rkg2xyr7mbva4KyAR9SHgxYUU',1714119001),(188,44,'eyJhbGciOiJIUzI1NiIsInR5cCI6IkpXVCJ9.eyJ1c2VySWQiOjQ0LCJuYW1lIjoiUGV0ZXIgUGFuIiwiaWF0IjoxNzE0MDMyNjQzLCJleHAiOjE3MTQxMTkwNDN9.L9ZHcfosye-TfBBSTRFdrS6ldbPDfsRfMcoqYNRNhSY',1714119043),(191,44,'eyJhbGciOiJIUzI1NiIsInR5cCI6IkpXVCJ9.eyJ1c2VySWQiOjQ0LCJuYW1lIjoiUGV0ZXIgUGFuIiwiaWF0IjoxNzE0MDMyNjQ2LCJleHAiOjE3MTQxMTkwNDZ9.Hdmxcf_HpZzE4wXntUh8j-ZTS57piZbeg0ZbRWeo4yg',1714119046),(192,44,'eyJhbGciOiJIUzI1NiIsInR5cCI6IkpXVCJ9.eyJ1c2VySWQiOjQ0LCJuYW1lIjoiUGV0ZXIgUGFuIiwiaWF0IjoxNzE0MDMyNjQ3LCJleHAiOjE3MTQxMTkwNDd9.C3IhV88EOlNj48qqeg9_Huo9pD3BkC13PVNDZEEZ2wA',1714119047),(193,44,'eyJhbGciOiJIUzI1NiIsInR5cCI6IkpXVCJ9.eyJ1c2VySWQiOjQ0LCJuYW1lIjoiUGV0ZXIgUGFuIiwiaWF0IjoxNzE0MDMyNjk1LCJleHAiOjE3MTQxMTkwOTV9.4uDl7KeMxBxluU761l9qCHiP2LUmiHQw-MaVCFRavNg',1714119095),(194,44,'eyJhbGciOiJIUzI1NiIsInR5cCI6IkpXVCJ9.eyJ1c2VySWQiOjQ0LCJuYW1lIjoiUGV0ZXIgUGFuIiwiaWF0IjoxNzE0MDMyNjk2LCJleHAiOjE3MTQxMTkwOTZ9.eXVWJT4sgo-hqgPud0jPHn3Hb09CyxmhW4Uxu4OZm78',1714119096),(197,44,'eyJhbGciOiJIUzI1NiIsInR5cCI6IkpXVCJ9.eyJ1c2VySWQiOjQ0LCJuYW1lIjoiUGV0ZXIgUGFuIiwiaWF0IjoxNzE0MDMyNjk4LCJleHAiOjE3MTQxMTkwOTh9.jLOo6ugAm3ur-TYIxBXx3r5qJjYAgqyoyGV5b5RxGtM',1714119098),(198,44,'eyJhbGciOiJIUzI1NiIsInR5cCI6IkpXVCJ9.eyJ1c2VySWQiOjQ0LCJuYW1lIjoiUGV0ZXIgUGFuIiwiaWF0IjoxNzE0MDMyNzY4LCJleHAiOjE3MTQxMTkxNjh9.NwYuefECiAGaCPg8kZdq60k8pHgv-rOXzzuEEBH9srU',1714119168),(199,44,'eyJhbGciOiJIUzI1NiIsInR5cCI6IkpXVCJ9.eyJ1c2VySWQiOjQ0LCJuYW1lIjoiUGV0ZXIgUGFuIiwiaWF0IjoxNzE0MDMyODMxLCJleHAiOjE3MTQxMTkyMzF9.VH_KDP7eixrmJx4XefKbUMsuiqSqcm14HI4gH1JQpLA',1714119231),(200,44,'eyJhbGciOiJIUzI1NiIsInR5cCI6IkpXVCJ9.eyJ1c2VySWQiOjQ0LCJuYW1lIjoiUGV0ZXIgUGFuIiwiaWF0IjoxNzE0MDMyODM4LCJleHAiOjE3MTQxMTkyMzh9.0IG3xK_d0yIMPPXPCVZJQhyCmW9AzRDlUW8p-XxkJrg',1714119238),(201,44,'eyJhbGciOiJIUzI1NiIsInR5cCI6IkpXVCJ9.eyJ1c2VySWQiOjQ0LCJuYW1lIjoiUGV0ZXIgUGFuIiwiaWF0IjoxNzE0MDMyODM5LCJleHAiOjE3MTQxMTkyMzl9.6i2o-_T9gaAJFzJehSGDAY0eHSAfAynSuSfmsdaBNyg',1714119239),(204,44,'eyJhbGciOiJIUzI1NiIsInR5cCI6IkpXVCJ9.eyJ1c2VySWQiOjQ0LCJuYW1lIjoiUGV0ZXIgUGFuIiwiaWF0IjoxNzE0MDMyODQyLCJleHAiOjE3MTQxMTkyNDJ9.FSJM6cDbhdR6VRKK3SW-Al9ACsegljYyJNIzgF2Jju4',1714119242),(205,7,'eyJhbGciOiJIUzI1NiIsInR5cCI6IkpXVCJ9.eyJ1c2VySWQiOjcsIm5hbWUiOiJQZXRlciBQYW4iLCJpYXQiOjE3MTQwMzQ4MzQsImV4cCI6MTcxNDEyMTIzNH0.sZfcxgo16lwJo2rvjrubG56zM4NytwQe_ki-blL21dY',1714121234),(206,7,'eyJhbGciOiJIUzI1NiIsInR5cCI6IkpXVCJ9.eyJ1c2VySWQiOjcsIm5hbWUiOiJQZXRlciBQYW4iLCJpYXQiOjE3MTQwMzQ5MTYsImV4cCI6MTcxNDEyMTMxNn0.RNl0RHyZUOtqf_Uiv3uC8XK9QdLhjZfj0Ao2uOij6SI',1714121316),(208,83,'eyJhbGciOiJIUzI1NiIsInR5cCI6IkpXVCJ9.eyJ1c2VySWQiOjgzLCJuYW1lIjoiUGV0ZXIgUGFuIiwiaWF0IjoxNzE0MDY5MTMxLCJleHAiOjE3MTQxNTU1MzF9.RRYECK7sx7ZWDLIBiTPhJfED-Qgly1SnYZgkO_7Dmds',1714155531);
/*!40000 ALTER TABLE `tbl_session` ENABLE KEYS */;
UNLOCK TABLES;

--
-- Table structure for table `tbl_tax`
--

DROP TABLE IF EXISTS `tbl_tax`;
/*!40101 SET @saved_cs_client     = @@character_set_client */;
/*!50503 SET character_set_client = utf8mb4 */;
CREATE TABLE `tbl_tax` (
  `id` int NOT NULL AUTO_INCREMENT,
  `name` varchar(50) DEFAULT NULL,
  `type` enum('IN','EX') DEFAULT 'EX',
  `percentage` decimal(4,2) DEFAULT NULL,
  `sort` tinyint(1) DEFAULT NULL,
  `is_active` tinyint(1) DEFAULT '1',
  `created_date` int DEFAULT NULL,
  PRIMARY KEY (`id`)
) ENGINE=InnoDB AUTO_INCREMENT=3 DEFAULT CHARSET=utf8mb4 COLLATE=utf8mb4_0900_ai_ci;
/*!40101 SET character_set_client = @saved_cs_client */;

--
-- Dumping data for table `tbl_tax`
--

LOCK TABLES `tbl_tax` WRITE;
/*!40000 ALTER TABLE `tbl_tax` DISABLE KEYS */;
INSERT INTO `tbl_tax` VALUES (1,'CGST','EX',2.50,1,1,1713690056),(2,'SGST','EX',2.50,2,1,1713690148);
/*!40000 ALTER TABLE `tbl_tax` ENABLE KEYS */;
UNLOCK TABLES;

--
-- Table structure for table `tbl_users`
--

DROP TABLE IF EXISTS `tbl_users`;
/*!40101 SET @saved_cs_client     = @@character_set_client */;
/*!50503 SET character_set_client = utf8mb4 */;
CREATE TABLE `tbl_users` (
  `id` int NOT NULL AUTO_INCREMENT,
  `name` varchar(200) DEFAULT NULL,
  `email_id` varchar(100) NOT NULL,
  `password` char(60) NOT NULL,
  `mobileno` varchar(16) NOT NULL,
  `created_date` bigint unsigned DEFAULT NULL,
  PRIMARY KEY (`id`),
  UNIQUE KEY `email_id_UNIQUE` (`email_id`),
  UNIQUE KEY `mobileno_UNIQUE` (`mobileno`) /*!80000 INVISIBLE */
) ENGINE=InnoDB AUTO_INCREMENT=84 DEFAULT CHARSET=utf8mb4 COLLATE=utf8mb4_0900_ai_ci;
/*!40101 SET character_set_client = @saved_cs_client */;

--
-- Dumping data for table `tbl_users`
--

LOCK TABLES `tbl_users` WRITE;
/*!40000 ALTER TABLE `tbl_users` DISABLE KEYS */;
INSERT INTO `tbl_users` VALUES (3,'Peter Pan','peterpan@gmail.com','$2b$10$F63MkO35dTjiFRtUl.L/lOuZa4GZgW0pu.71dwL/GzFajJp/gVncq','9123456789',1713728205893),(7,'Peter Pan','peterpan1@gmail.com','$2b$10$ZwZW9cClN853mZ3UOYnZz.aEyJqzxgK1/JRJw./97GwPkWkQ464vK','9123456788',1713801311325),(8,'Peter Pan','random1713882808498@samplemail.com','$2b$10$7wr7D7tIxbpZ67bLWyuom.DZEmE.kynLGlWAgVL.baV0z8aMPnz3a','1713882808',1713882808807),(9,'Peter Pan','random1713882997659@samplemail.com','$2b$10$EtRUZm32o4XO4W5HMIdkKOMgzXG2WuOwGg.ZGZ10A5gFXTSObaAua','1713882997',1713882997926),(10,'Peter Pan','random1713883931489@samplemail.com','$2b$10$cJAsdB/v.QLgdwMZ0D7xSu4HyxytyPl2cdnX84q1ztiGmoJSkkxe6','1713883931',1713883931698),(11,'Peter Pan','random1713884020081@samplemail.com','$2b$10$FPXvsNnq5bXYQRoONMzn5uPsyZZ/lCSU.c4zAXjbdu2B5UpedJ9Qy','1713884020',1713884020286),(12,'Peter Pan','random1713884073826@samplemail.com','$2b$10$Ip4v.OY3Xn8aYvAaJreUB.ybuU2/DnEPZ3iRlpybxt4ue8RXDtcZG','1713884073',1713884074053),(13,'Peter Pan','random1713884176238@samplemail.com','$2b$10$gP.Lvs67t9//yWZKlavcS.tfP3lqZMw.ba3TcqCsPkEDX5Qh3lwAq','1713884176',1713884176451),(14,'Peter Pan','random1713884219942@samplemail.com','$2b$10$ca5p49W8jDSTy7LGOkCzquldt/z7mmmA2mXVS31V7ZYXRRvHk3BHO','1713884219',1713884220492),(15,'Peter Pan','random1713884249471@samplemail.com','$2b$10$Df.DI.ZCUOtE1DMdL4vsHuchDsXlnYmpyJB/S/wNGw6aVrancI1r2','1713884249',1713884249691),(16,'Peter Pan','random1713884278271@samplemail.com','$2b$10$qfPCG88kkeLWoTuR7m4FueFBN2RbdJvPmNDMG1haaGuHhqmWV3JHm','1713884278',1713884278514),(17,'Peter Pan','random1713884348874@samplemail.com','$2b$10$qzCDLg9EFB3a2qj4ahGYD.EXzugAc3329NtMFjHalWBGuQCLED1kC','1713884348',1713884349098),(18,'Peter Pan','random1713884368390@samplemail.com','$2b$10$6zc0o7KSPhyH8RCGuALvYudNkjosDzH.MgttY3WXPF6x6S4o8xNHO','1713884368',1713884368609),(19,'Peter Pan','random1713884401233@samplemail.com','$2b$10$as0VlHjViI7vLsvNzwIiy.OXYmDt6TbfkKUIIxRoMWv9D9kMPAn0.','1713884401',1713884402266),(20,'Peter Pan','random1713884422574@samplemail.com','$2b$10$gPkPUUDkk73S3sWbkKyNqOePSyEa/sQxwuVHx0F.gzdQZIpMWSUZO','1713884422',1713884422829),(21,'Peter Pan','random1713884438088@samplemail.com','$2b$10$ri20jUjQweOrtGa4M49Ux.zEK4EgdnJ47I1ME.GrQFADaF5flPha.','1713884438',1713884438327),(22,'Peter Pan','random1713884444918@samplemail.com','$2b$10$eqtl8XvqkO71v7b7ZhUsPewPaLXA0Asm.D852UeFmIn3J4Rz58UA.','1713884444',1713884445161),(23,'Peter Pan','random1713884468721@samplemail.com','$2b$10$Jd54evZDdUQri5wUv3UcGuW3mQHI9agvE9JgyRqqm2DxhoPZMItsK','1713884468',1713884468961),(24,'Peter Pan','random1713884506368@samplemail.com','$2b$10$avZ2TbNioXpqZLj.YU9lV.bO3vsUyk4f6.NrVjd7Ngzdz4AZNDdvi','1713884506',1713884506614),(25,'Peter Pan','random1713884721822@samplemail.com','$2b$10$wHhck8xNaG9hvH2TcGVMAeTheCt5KincuRamwbto3kl2hpF9tcyAG','1713884721',1713884722074),(26,'Peter Pan','random1713884777476@samplemail.com','$2b$10$6biLeV30J0NLmrZbpsGkK.N/IAWcRR2ThAErKgKPJMnHQsZPUIY82','1713884777',1713884777721),(27,'Peter Pan','random1713884809666@samplemail.com','$2b$10$3OVL1kvz6nuc2ettNtVW1u79oJeuZXFq/xdJrrwgbxdZmujv35YWm','1713884809',1713884809937),(28,'Peter Pan','random1713884861261@samplemail.com','$2b$10$x3sp7wcjQHgieNlFPYYWdeFLQlUxHZZtqpUdb9dL/i5Vr9utjIZAq','1713884861',1713884861564),(29,'Peter Pan','random1713884893093@samplemail.com','$2b$10$KJOzRjXwWi4JRhB0x.muIO3rBc8r/cCQL9CKPzw15sC.zPnY0V40O','1713884893',1713884893356),(30,'Peter Pan','random1713884961973@samplemail.com','$2b$10$odxccfu10Tjpl5o5enisP.Le.9U0D9M4A9ZrcOLX0PblKcG6ZOaQK','1713884961',1713884962229),(31,'Peter Pan','random1713884973961@samplemail.com','$2b$10$SC9cCT2dyHwbcd10ZNycpuMyEb02vcAV73uTHqQPawr2VrQ2O0b2O','1713884973',1713884974234),(32,'Peter Pan','random1713885008742@samplemail.com','$2b$10$t/InceWB8UZo14y7AcWAtO/4TB6PcpyRLk20WGSkWsC1ydj6pFV96','1713885008',1713885008992),(33,'Peter Pan','random1713885025386@samplemail.com','$2b$10$EPPA24Lis8lEAH5wnO3Cou1e8lng0CzJYrB/FWhmWgfYg8DgRdqtu','1713885025',1713885025642),(34,'Peter Pan','peterpan2@gmail.com','$2b$10$9cwmdf9wafcnpzmw4ty3POihIMns0LkXnAZ1H641cfb9NWLEjEoB6','9123456876',1713895911873),(35,'Peter Pan','random1713904407247@samplemail.com','$2b$10$48AKhSctQ1sOE2lbIHJ2c.xFAsjdwjGavDqCERjD4agP3zYSVICl2','1713904407',1713904407648),(36,'Peter Pan','random1713904857430@samplemail.com','$2b$10$Cs/QWQ7fEmgSAUHCmKLDT.f.qcIlJE7AlTEQ7QuL/MIDzvVuwzXFS','1713904857',1713904857753),(37,'Peter Pan','random1713904873194@samplemail.com','$2b$10$nQN2EgaiCeMAJM5hQnXf2uy425.YZ6/kagIpOzt3Dno4zlYkHtyoS','1713904873',1713904873563),(38,'Peter Pan','random1713904975238@samplemail.com','$2b$10$81nxrc6dVfAJDk3s/HGxBegNl3etgsj.z7hipoL0TpOxELHWj2Gcu','1713904975',1713904975767),(39,'Peter Pan','random1713905120714@samplemail.com','$2b$10$cfRsdGCB/ulf6cXq9e7QcOra.0qlFlL0xKYwUquikMMldedCm9PQ6','1713905120',1713905121078),(40,'Peter Pan','random1713957601164@samplemail.com','$2b$10$T4hXXjNFEowtBZCY45C/Kum9X8wxGc4POnLGKGC3TyKeW5l1gZV1W','1713957601',1713957601683),(41,'Peter Pan','random1713957713642@samplemail.com','$2b$10$NLs2iPhIwir1pXYdpRXCpuhmkZPuWpD5FRiuKl3jUVsbkbmALymIK','1713957713',1713957713985),(42,'Peter Pan','random1713957714077@samplemail.com','$2b$10$/.d8NVUldxZmqEalOc74quvv1fRPCHxaVuSuJo0d.RdApAoVkjTdq','1713957714',1713957714180),(43,'Peter Pan','random1713961398325@samplemail.com','$2b$10$mLUfneymUm4yxkNSvdo50ODzy5lH/e9ptXw4QSjTrN7C6CCAVY7na','1713961398',1713961398644),(44,'Peter Pan','random1713961569252@samplemail.com','$2b$10$l/VcOZH1mIvD/.bj4srklOgyyvdL6VVhct9DAyEpP1hh5BVaG0O72','1713961569',1713961569523),(45,'Peter Pan','random1713961747299@samplemail.com','$2b$10$GbfEf9bo73zvbWSHRkAVmefPDYPdiAkwYlbVqt5elbgZiHv4RK1Pu','1713961747',1713961747559),(46,'Peter Pan','random1713961916225@samplemail.com','$2b$10$X2VGW/.CGY6WeM3GfXeNbuo6SaHtW6ZzCbuWZdDa68zKdD.ldbPTu','1713961916',1713961916340),(47,'Peter Pan','random1713961999549@samplemail.com','$2b$10$KDdOSW0IQbM/j4VHStKIF.c3ZNLWXJc5NFoNm8/kaNB.lsRooyJqq','1713961999',1713961999657),(48,'Peter Pan','random1713962033774@samplemail.com','$2b$10$hmQ0AD9R95wlnTJNqayzkeeQiXYnR7gaOOAe.sR.MsvzeM4WO5vB.','1713962033',1713962033887),(49,'Peter Pan','random1713962160604@samplemail.com','$2b$10$WGiBjzpX6mQ8ALf1mnKDdOViMl5SWRoJwjGpMuKGC2fIQEAG77Hlu','1713962160',1713962160705),(50,'Peter Pan','random1713962240243@samplemail.com','$2b$10$.B7HrEd4b.BsDHv7iNNoCu0.l8eSn6VWsTxTqYY9.Oc1rp5Emh0B2','1713962240',1713962240383),(51,'Peter Pan','random1713962339770@samplemail.com','$2b$10$P6MXcbvpC3tCOU9Z.hPPjO8brrOmnRIXakZfbbv7ivLA0dgT5Bnee','1713962339',1713962339879),(52,'Peter Pan','random1713962405607@samplemail.com','$2b$10$RFoeK.L0nQ33hhwTMMFBgOYdmFywWs3UR4gZsauSoYfExOzmtfzli','1713962405',1713962405739),(53,'Peter Pan','random1713962476882@samplemail.com','$2b$10$OasOSqCETwx7qUN.nUcGUe8ehTYbSBlYW4bgvfQSDgwYqwMw9kGR2','1713962476',1713962476998),(54,'Peter Pan','random1713962502751@samplemail.com','$2b$10$nVuzlvG18py6VdEi4U05wuwcg7CZo2mjvv2pLjKKBenk.0tmxFjuS','1713962502',1713962502873),(55,'Peter Pan','random1713962527361@samplemail.com','$2b$10$S54ZHtuAh4LIDMVgRPxhxOIV4ZHMkVBsk0AY9/UarV6or6ZU5Yz3O','1713962527',1713962527470),(56,'Peter Pan','random1713963019902@samplemail.com','$2b$10$e1VK/E0oPT1yMBV/zoE6eOVU7oiLA0nvQwMl.3UY04sJ5VKamlt2C','1713963019',1713963020003),(57,'Peter Pan','random1713965240449@samplemail.com','$2b$10$eDXPUgYcYl1bxidqIvQxSetgreO96X5sb87AFRMOKEi.LUTJdQWYW','1713965240',1713965240572),(58,'Peter Pan','random1714023885232@samplemail.com','$2b$10$e5amYtWeWi.CCCyMFwtcW.VdfQqyclbdV0Ps1iGpDTfQyJaVuecTe','1714023885',1714023885341),(59,'Peter Pan','random1714023987423@samplemail.com','$2b$10$QNTzhUmjSEMkN65Sshmi0.EEOOpxw6FJBNT2nBaoGpkmdCEsb027q','1714023987',1714023987528),(60,'Peter Pan','random1714024009915@samplemail.com','$2b$10$NCeEM7FExINiT0WlS5lvNe5w5IbBFBybT5556fl..FsUBjhpQvS/i','1714024009',1714024010038),(61,'Peter Pan','random1714024024325@samplemail.com','$2b$10$vLA/IMEuTyQLuEpBOrQ54e93muvbONozctYVH0bZfLRHj7eM1QmsW','1714024024',1714024024435),(62,'Peter Pan','random1714024090521@samplemail.com','$2b$10$YnBCSLjVCV64T9khGTUkDefykpweNiu4qDe0ev2d7Z82lcTNorTte','1714024090',1714024090646),(63,'Peter Pan','random1714024141403@samplemail.com','$2b$10$bO9gwgcstZbnZzbaftGAg.7t/Vd.HF0JOz398h5jhJOfjTHqtA1Uu','1714024141',1714024141496),(64,'Peter Pan','random1714024240484@samplemail.com','$2b$10$bJ46W1u2KPGJ2ORjtWZrVe0grNTH7OqJCAxWCwBOhyyaLAmc8db3y','1714024240',1714024240579),(65,'Peter Pan','random1714024252024@samplemail.com','$2b$10$OlqgCzPOAT99/PjqCRzAHOP6eUBAlRD3wm/pzXzLbd406wj2p5X8i','1714024252',1714024252135),(66,'Peter Pan','random1714024275665@samplemail.com','$2b$10$gML0Iig1Hxw4d4vihgluteE2ollzIWq9iQtW.QBTTQN3j61uiyEYq','1714024275',1714024275761),(67,'Peter Pan','random1714024316979@samplemail.com','$2b$10$le0xhFgvZ8HrQjvVjhZ1jOmeIb.rQCmdI63qmaQdI4vH8vz2sbqVC','1714024316',1714024317079),(68,'Peter Pan','random1714024677218@samplemail.com','$2b$10$3D8tH/fYdXouZnxtfUeb1eYUllrIA4AUU6vLU6SJ/iKXQFX.eT4Yi','1714024677',1714024677330),(69,'Peter Pan','random1714024765228@samplemail.com','$2b$10$js7.M4b1A5vfNmBlCtUXpu.QXtasP1OHlFV7Bfc9pTYB5w5f3OErO','1714024765',1714024765333),(70,'Peter Pan','random1714030422015@samplemail.com','$2b$10$sHNFc6LoHI.3olM8o71Cy.WYDBobX7QsGSJqlhxpeIPFhwLdxL7xC','1714030422',1714030422116),(71,'Peter Pan','random1714030536219@samplemail.com','$2b$10$KZ12GedWT4h2b3t7XTQsIe6pVeeQ/FTjNP8MuOB9odT5epklzwnQO','1714030536',1714030536327),(72,'Peter Pan','random1714030671566@samplemail.com','$2b$10$YWDrkGVVWIZprZXE3iYsLObZBLx3F1XHsp0tHPt1cscpQJ.biI4Ti','1714030671',1714030671679),(73,'Peter Pan','random1714031025160@samplemail.com','$2b$10$B56eVnaneYlHhvwE3zfAWOGO6SpkcNjzM956iH2rjATAxRPC/X7L6','1714031025',1714031025266),(74,'Peter Pan','random1714032447516@samplemail.com','$2b$10$yO9b11j5gbM/dHNrUzcGIORzPCA8PgC.BBPUwtFQ7vwFaCeXoyLOW','1714032447',1714032447628),(75,'Peter Pan','random1714032532196@samplemail.com','$2b$10$3POIfuY8wxlonescdEE9Q.BgZ29j1bBiG9cGNsel5YiYe9/..QYxS','1714032532',1714032532310),(76,'Peter Pan','random1714032555461@samplemail.com','$2b$10$F/xUE8txgZZDvMcqQwX9KeU7E6HYpsRwXaLqZ5LtZZ//H3jqrNbYq','1714032555',1714032555560),(77,'Peter Pan','random1714032600672@samplemail.com','$2b$10$ieuX87h9dzYXaEE2/T3/GO5/eS4vDEVpYJIz4VV43/nrZtoJRMpb.','1714032600',1714032600796),(78,'Peter Pan','random1714032645186@samplemail.com','$2b$10$QAbRsxWQu1HySqmKVMzZgugl2t1nyHbxHwreChU.tdo5/PIK98i/S','1714032645',1714032645296),(79,'Peter Pan','random1714032697510@samplemail.com','$2b$10$DaTSHlZy4bzUha.k4hMm/.kY.bd0jskOzOtUqlRaBrAkCirCx9WjW','1714032697',1714032697611),(80,'Peter Pan','random1714032841246@samplemail.com','$2b$10$.rABsFbbgXywcjBMiBLmBOaDruupr7IJ134xFdpSuQS5yVfEyd4m2','1714032841',1714032841348),(81,'Peter Pan','peterpan213@gmail.com','$2b$10$gJWK/RJa319M83wH6dB3L.n6kaVU3IKA68NqSQOmJGSP74iPOSXMi','9123456874',1714044897958),(82,'Peter Pan','peterpan214@gmail.com','$2b$10$Y6sZafZQUN4LIa8Z9xGElu2hRvBUv7ruZaRFCqo5CSmBSqYPSBZWa','9123456875',1714047218478),(83,'Peter Pan','peterpan2145@gmail.com','$2b$10$gkj7K27F8lm0j4qlssnaf.tcVMFY1pfjwSF/QG3h2It5l6t/ybbYe','9123456877',1714065110348);
/*!40000 ALTER TABLE `tbl_users` ENABLE KEYS */;
UNLOCK TABLES;
SET @@SESSION.SQL_LOG_BIN = @MYSQLDUMP_TEMP_LOG_BIN;
/*!40103 SET TIME_ZONE=@OLD_TIME_ZONE */;

/*!40101 SET SQL_MODE=@OLD_SQL_MODE */;
/*!40014 SET FOREIGN_KEY_CHECKS=@OLD_FOREIGN_KEY_CHECKS */;
/*!40014 SET UNIQUE_CHECKS=@OLD_UNIQUE_CHECKS */;
/*!40101 SET CHARACTER_SET_CLIENT=@OLD_CHARACTER_SET_CLIENT */;
/*!40101 SET CHARACTER_SET_RESULTS=@OLD_CHARACTER_SET_RESULTS */;
/*!40101 SET COLLATION_CONNECTION=@OLD_COLLATION_CONNECTION */;
/*!40111 SET SQL_NOTES=@OLD_SQL_NOTES */;

-- Dump completed on 2024-04-26  1:47:19
